{"cameraMode":{"drawMode":0,"name":"Shaded","section":"Shading Mode"},"sceneLighting":false,"audioPlay":false,"sceneViewState":{"m_AlwaysRefresh":false,"showFog":true,"showSkybox":false,"showFlares":true,"showImageEffects":true,"showParticleSystems":true,"showVisualEffectGraphs":true,"m_FxEnabled":true},"in2DMode":false,"pivot":{"x":-0.019017338752746583,"y":4.739775657653809,"z":-0.08941781520843506},"rotation":{"x":-0.029782744124531747,"y":0.960296630859375,"z":-0.1128702238202095,"w":-0.2533940374851227},"size":1.360435128211975,"orthographic":false}