{"cameraMode":{"drawMode":0,"name":"Shaded","section":"Shading Mode"},"sceneLighting":false,"audioPlay":false,"sceneViewState":{"m_AlwaysRefresh":false,"showFog":true,"showSkybox":false,"showFlares":true,"showImageEffects":true,"showParticleSystems":true,"showVisualEffectGraphs":true,"m_FxEnabled":true},"in2DMode":false,"pivot":{"x":-0.7279362678527832,"y":1.3397221565246583,"z":-0.43320152163505556},"rotation":{"x":0.18479940295219422,"y":-0.03684460371732712,"z":0.00693323602899909,"w":0.9820612072944641},"size":2.3582684993743898,"orthographic":false}